<?xml version="1.0"?>
<pagescount>
	<html_total>10</html_total>
	<html_done>10</html_done>
	<img/>
	<js>11</js>
	<css>12</css>
	<pdf/>
	<doc/>
	<xls/>
	<ppt/>
	<swf/>
	<mp3/>
	<mp4/>
	<xml/>
	<json/>
	<txt/>
	<fonts>30</fonts>
	<scraping_reload>1</scraping_reload>
	<is_pretty_url>false</is_pretty_url>
	<is_ebn>false</is_ebn>
	<theme_name>432660</theme_name>
	<server_url_front_page>https://www6.waybackmachinedownloader.com/wdo/files/demo/fnsclub.org_ishankhan30514_gmail.com_dsitnp1dro/</server_url_front_page>
	<no_www_url>fnsclub.org</no_www_url>
	<hosted_domain/>
	<original_archive_url>http://fnsclub.org</original_archive_url>
	<final_archive_url>https://fnsclub.org/</final_archive_url>
	<front_page_code_date/>
	<total_urls_from_api/>
	<search_url_added>false</search_url_added>
	<total_size>9428</total_size>
<images>42</images></pagescount>
